<?xml version="1.0" ?>
<manifest identifier="RSECA_Manifest" version="1"
       xmlns="http://www.imsproject.org/xsd/imscp_rootv1p1p2"
       xmlns:adlcp="http://www.adlnet.org/xsd/adlcp_rootv1p2"
       xmlns:xsi="http://www.w3.org/2001/XMLSchema-instance"
       xsi:schemaLocation="http://www.imsproject.org/xsd/imscp_rootv1p1p2 imscp_rootv1p1p2.xsd
                           http://www.imsglobal.org/xsd/imsmd_rootv1p2p1 imsmd_rootv1p2p1.xsd
                           http://www.adlnet.org/xsd/adlcp_rootv1p2 adlcp_rootv1p2.xsd">
  <metadata>
    <schema>ADL SCORM</schema>
    <schemaversion>1.2</schemaversion>
  </metadata>
  <organizations default="B0">
    <organization identifier="B0">

      <!--****** Title ******-->
      <title><![CDATA[Influenza Learning System]]></title>

      <item identifier="i1" identifierref="r1" isvisible="true">

        <!--****** Title ******-->
        <title><![CDATA[Influenza Learning System]]></title>

        <metadata>
          <lom xmlns="http://ltsc.ieee.org/xsd/LOM" xmlns:xsi="http://www.w3.org/2001/XMLSchema-instance" xsi:schemaLocation="http://ltsc.ieee.org/xsd/LOM lom.xsd">
            <general>
              <description>
                <string language="en-us"><![CDATA[This is a SCORM Dispatch package which targets the course Influenza Learning System]]></string>
              </description>
            </general>
          </lom>
        </metadata>

      </item>

      <metadata>
        <schema>ADL SCORM</schema>
        <schemaversion>1.2</schemaversion>
      </metadata>
    </organization>
  </organizations>
  <resources>
    <resource identifier="r1" type="webcontent" adlcp:scormtype="sco" href="dispatch.html">
      <metadata>
        <schema>ADL SCORM</schema>
        <schemaversion>1.2</schemaversion>
      </metadata>

      <!--****** FILES ******-->
      <file href="dispatch.html"/>
      <file href="dispatchapi.html"/>
      <file href="configuration.js"/>
      <file href="utils.js"/>
    </resource>
  </resources>
</manifest>
