<?xml version="1.0"?>
<manifest identifier="SingleCourseManifest" version="1.1" 
xmlns="http://www.imsproject.org/xsd/imscp_rootv1p1p2" 
xmlns:adlcp="http://www.adlnet.org/xsd/adlcp_rootv1p2" 
xmlns:xsi="http://www.w3.org/2001/XMLSchema-instance" 
xsi:schemaLocation="http://www.imsproject.org/xsd/imscp_rootv1p1p2 imscp_rootv1p1p2.xsd http://www.imsglobal.org/xsd/imsmd_rootv1p2p1 imsmd_rootv1p2p1.xsd http://www.adlnet.org/xsd/adlcp_rootv1p2 adlcp_rootv1p2.xsd">
<organizations default="ASWG">
 <organization identifier="ASWG">
    <title> AbbVie </title>
   <item identifier="A800" identifierref="R_A800" isvisible="true">
    <title>Spin Wheel Game</title>
   </item>
  <metadata>
   <schema>ADL SCORM</schema>
   <schemaversion>1.2</schemaversion>
   <adlcp:location>metadata/course_01.xml</adlcp:location>
  </metadata>
 </organization>
</organizations>
<resources>
 <resource identifier="R_A800" type="webcontent" adlcp:scormtype="sco" href="content\index.html"> 
  <metadata>
   <schema>ADL SCORM</schema>
   <schemaversion>1.2</schemaversion>
   <adlcp:location>metadata/A800.xml</adlcp:location>
  </metadata>
 </resource>
</resources>

</manifest>

