<?xml version="1.0"?>
<cff>
    
<frameno id="22"><framesectiontitle>diebetes</framesectiontitle><modulename>Medtronic Mod 9</modulename><currentdate>12-05-2015</currentdate><issuetype>Major</issuetype><issuedescription>&lt;u&gt;&lt;font size="6"&gt;hjghjfjgjf&lt;/font&gt;&lt;/u&gt;</issuedescription><additionalcomments>dsfsdfsdf</additionalcomments><statusofissue>Open</statusofissue><files>loader.gif</files><closedBy>Udey</closedBy></frameno><frameno id="24"><framesectiontitle>fsdsfdg</framesectiontitle><modulename>trwerwe</modulename><currentdate>werwew</currentdate><issuetype>Major</issuetype><issuedescription>qdqd</issuedescription><additionalcomments>NA</additionalcomments><statusofissue>wrwrwr</statusofissue><files>Desert.jpg</files><closedBy>Udey</closedBy></frameno><frameno id="Udey"><framesectiontitle>21</framesectiontitle><modulename>2323</modulename><currentdate>2323</currentdate><issuetype>Major</issuetype><issuedescription>232323</issuedescription><additionalcomments>232</additionalcomments><statusofissue>2323</statusofissue><files>img1-1.jpg</files><closedBy>2323</closedBy></frameno><frameno id="Udey"><framesectiontitle>21</framesectiontitle><modulename>2323</modulename><currentdate>er</currentdate><issuetype>Major</issuetype><issuedescription>&lt;b&gt;ertret&lt;/b&gt;</issuedescription><additionalcomments>ertert</additionalcomments><statusofissue>ertret</statusofissue><files>713 (2).GIF</files><closedBy>rtrt</closedBy></frameno></cff>
