<?xml version="1.0"?>
<lom xmlns="http://www.imsglobal.org/xsd/imsmd_rootv1p2p1"
xmlns:xsi="http://www.w3.org/2001/XMLSchema-instance"
xsi:schemaLocation = "http://www.imsglobal.org/xsd/imsmd_rootv1p2p1 imsmd_rootv1p2p1.xsd">
<general>
<title><langstring>Abbvie</langstring></title>
<catalogentry>
<catalog>Indegene Adaptive Learning</catalog>
<entry><langstring>A800</langstring></entry>
</catalogentry>
<language>en-US</language>
<description><langstring>Spin Wheel Game </langstring></description>
<keyword><langstring>Indegene</langstring></keyword>

</general>

<lifecycle>
<version><langstring>1.0</langstring></version><status>
<source><langstring xml:lang="x-none">LOMv1.0</langstring></source>
<value><langstring xml:lang="x-none">Final</langstring></value>
</status>
</lifecycle>

<metametadata>
<metadatascheme>ADL SCORM 1.2</metadatascheme>
</metametadata>

<technical>
<format>text/html</format>
<location>lms.indegene.com</location>
<type>
<source><langstring xml:lang="x-none">LOMv1.0</langstring></source>
<value><langstring xml:lang="x-none">no</langstring></value>
</type>
<name>
<source><langstring xml:lang="x-none">LOMv1.0</langstring></source>
<value><langstring xml:lang="x-none">no</langstring></value>
</name>
</technical>

<rights>
<cost>
<source><langstring xml:lang="x-none">LOMv1.0</langstring></source>
<value><langstring xml:lang="x-none">no</langstring></value>
</cost>
<copyrightandotherrestrictions>
<source><langstring xml:lang="x-none">LOMv1.0</langstring></source>
<value><langstring xml:lang="x-none">no</langstring></value>
</copyrightandotherrestrictions>
<description>
<langstring>Copyright 2014 Indegene</langstring>
</description>
</rights>

<classification>
<purpose>
<source><langstring xml:lang="x-none">LOMv1.0</langstring></source>
<value><langstring xml:lang="x-none">Idea</langstring></value>
</purpose>
<description><langstring> Spin Wheel Game </langstring></description>
<keyword><langstring>Indegene</langstring></keyword>
</classification>

</lom>
